row_id,treatment,conversion,predicted_treatment_conversion,predicted_control_conversion,uplift_score,uplift_decile
2723639,1,0,0.62777096,0.39258504,0.23518592,1
5813430,0,0,0.5531073,0.32022738,0.23287994,1
13340183,1,1,0.5468501,0.32418266,0.22266743,1
198035,1,0,0.5853879,0.36351162,0.22187626,1
1506906,1,0,0.42819548,0.20773503,0.22046044,1
2191482,1,1,0.45885834,0.23961641,0.21924193,1
1005169,1,0,0.55059606,0.33141205,0.21918401,1
1019566,1,1,0.5372883,0.31942856,0.21785975,1
6102491,0,0,0.7351218,0.51855034,0.21657145,1
373228,1,1,0.68100667,0.4648853,0.21612138,1
6273914,0,0,0.66036654,0.44490692,0.21545961,1
2501969,1,1,0.52151054,0.30808237,0.21342817,1
1074405,1,0,0.50874823,0.29693967,0.21180856,1
42729,1,0,0.6467727,0.43625203,0.21052065,1
3424844,1,0,0.54400676,0.33440295,0.20960382,1
1395786,1,0,0.43474427,0.22584175,0.20890252,1
4925934,1,0,0.5615719,0.35272592,0.20884597,1
6175896,0,0,0.60955083,0.4011864,0.20836443,1
1421606,1,0,0.64607203,0.43874574,0.2073263,1
1535939,1,0,0.4867971,0.27959016,0.20720693,1
853628,1,1,0.628958,0.42310277,0.20585522,1
6163422,0,0,0.55984306,0.35418737,0.2056557,1
13529159,1,0,0.5355384,0.32990098,0.2056374,1
1431743,1,1,0.584684,0.37972513,0.20495889,1
1935395,1,1,0.5543825,0.3496993,0.20468321,1
3843523,1,1,0.62270826,0.41865408,0.20405418,1
5334885,1,0,0.4141708,0.21014836,0.20402244,1
5919393,0,0,0.6723947,0.46906492,0.20332977,1
6190728,0,0,0.5960516,0.39286464,0.20318693,1
4222828,1,1,0.58106005,0.3784897,0.20257035,1
8683293,1,1,0.47990724,0.2774288,0.20247844,1
4561609,1,0,0.45985562,0.2576755,0.20218012,1
5941952,0,0,0.4553889,0.25363204,0.20175686,1
6426855,0,0,0.46754745,0.26669157,0.20085588,1
2552950,1,0,0.59846336,0.3977819,0.20068145,1
6229205,0,1,0.6222073,0.4220855,0.20012179,1
583472,1,0,0.64888,0.44881445,0.20006555,1
2323705,1,0,0.46102825,0.2612515,0.19977674,1
3738324,1,1,0.669053,0.46941265,0.19964036,1
5285463,1,0,0.6667079,0.46747494,0.19923294,1
6340124,0,1,0.64383715,0.44469863,0.19913852,1
4488117,1,1,0.6944376,0.4963593,0.19807833,1
9373760,1,1,0.5108288,0.31285793,0.19797087,1
5154657,1,1,0.57467407,0.376768,0.19790608,1
3505143,1,0,0.44520798,0.24749361,0.19771437,1
648058,1,0,0.66696423,0.4695496,0.19741464,1
4759530,1,0,0.41401222,0.21810387,0.19590835,1
5748175,0,0,0.6280097,0.43297628,0.1950334,1
6263242,0,1,0.6541738,0.45970315,0.19447064,1
3173857,1,0,0.5297829,0.33551753,0.19426537,1
4083839,1,1,0.42296508,0.22876117,0.19420391,1
704235,1,0,0.56439126,0.37060627,0.19378498,1
4317946,1,1,0.4350588,0.24221045,0.19284835,1
1876634,1,1,0.49119136,0.29905042,0.19214094,1
3503770,1,1,0.56795675,0.3766349,0.19132185,1
2866991,1,1,0.5878396,0.39669088,0.19114873,1
4181524,1,0,0.6644644,0.4734145,0.1910499,1
5765491,0,0,0.52871674,0.33771282,0.19100392,1
1121716,1,0,0.50769365,0.31679556,0.19089809,1
3720557,1,0,0.7363729,0.5455994,0.19077349,1
2942365,1,0,0.6263761,0.43618098,0.19019511,1
437834,1,1,0.6113694,0.42119208,0.19017729,1
1664726,1,1,0.40942678,0.22042792,0.18899886,1
3145672,1,1,0.7735167,0.5847571,0.18875962,1
1902907,1,1,0.53167,0.3430008,0.18866917,1
2156867,1,1,0.39753827,0.20903525,0.18850303,1
2312581,1,1,0.4144853,0.22624737,0.18823794,1
1754553,1,1,0.47993824,0.29189306,0.18804517,1
6456819,0,0,0.53656083,0.34857315,0.18798769,1
3051548,1,1,0.5035785,0.3167622,0.18681628,1
4604420,1,1,0.5123054,0.3263746,0.18593079,1
4412390,1,0,0.46069676,0.2747953,0.18590146,1
428780,1,0,0.5634582,0.37759894,0.18585926,1
680188,1,0,0.50493,0.31910586,0.18582416,1
1927244,1,1,0.608998,0.42324907,0.18574893,1
4873332,1,1,0.60857373,0.4229886,0.18558514,1
454853,1,1,0.6714853,0.48606685,0.18541846,1
903669,1,0,0.361411,0.17621103,0.18519998,1
6382661,0,0,0.6692174,0.4841119,0.1851055,1
2493052,1,1,0.6414608,0.45675895,0.18470183,1
3500492,1,0,0.5275749,0.34315124,0.18442366,1
7901954,1,0,0.47419208,0.28980744,0.18438464,1
4789364,1,1,0.60817385,0.42409962,0.18407422,1
720361,1,0,0.5940883,0.4101484,0.1839399,1
4518662,1,0,0.56800437,0.38415083,0.18385354,1
2972333,1,0,0.62044096,0.43677872,0.18366224,1
574642,1,0,0.54720306,0.36392766,0.1832754,1
4499699,1,0,0.46246794,0.27937025,0.18309769,1
1782668,1,0,0.55509245,0.37222457,0.18286788,1
5878111,0,0,0.5022162,0.31941393,0.18280229,1
5271045,1,1,0.5809448,0.39841834,0.18252644,1
2968275,1,1,0.46874976,0.28677464,0.18197513,1
1665855,1,0,0.59657353,0.41462472,0.18194881,1
3902997,1,0,0.47443345,0.29257232,0.18186113,1
2312532,1,0,0.4877294,0.3059496,0.1817798,1
1334149,1,0,0.55056876,0.36909088,0.18147787,1
5992142,0,0,0.48341712,0.3023766,0.18104053,1
2139350,1,0,0.50961125,0.3286702,0.18094105,1
6238232,0,0,0.46151584,0.28062427,0.18089157,1
1178710,1,0,0.7178747,0.5371943,0.1806804,1
